set_code,name,population,index_value,eco_level
528,??????,3047,-1.679,1
539,??????,1129,-1.566,2
997,???? ????,1882,-1.237,2
993,????,1410,-0.738,3
1346,????? ?-???? (?????),437,-3.103,1
1360,?????,295,-2.856,1
1358,??? ????,3080,-2.508,1
1359,?? ????,3384,-2.288,1
1343,?????,395,-2.205,1
1367,????,145,-1.366,2
1349,????'??,1065,-1.191,2
360,"???? ???""?",733,0.859,7
679,?????,817,1.226,8
773,?????,707,1.297,8
1366,????,1066,-1.617,1
1085, **??? ????,119,-1.228,2
1363,??? ?????,544,-0.838,3
399,????,984,-0.488,3
1364,??????,201,-0.465,3
413,?????,441,-0.296,4
403,?????,470,-0.232,4
713,????,403,-0.002,5
695,???,551,0.038,5
676,??? ??????,300,0.085,5
69,??? ???,395,0.188,6
840,???????,235,0.233,6
402,??? ????,628,0.274,6
1311,??????,258,0.301,6
1239,?????,147,0.354,6
1136,????,419,0.496,6
352,??????,299,0.681,7
1231,??? ??,226,0.761,7
602,?????,357,0.809,7
1241,???,311,0.822,7
829,??????,406,0.852,7
1223,??? ?????,341,0.897,7
1232,????,350,0.997,8
1046,????,404,1.055,8
1227,???,326,1.055,8
1238,????,234,1.091,8
1051,???? ?????,303,1.15,8
318,??????,196,1.226,8
1240,??? ?????,1127,1.306,8
1237,???? ????,304,1.315,8
916,???,368,1.385,8
1058,??? ????,318,1.631,9
2006,????,355,-2.378,1
739,??? ??????,1465,-0.113,5
2011,????,1116,0.275,6
817,??????,1377,0.423,6
763,??????,1975,0.431,6
793,?????,955,0.478,6
756,??? ????,1090,0.742,7
700,???,1404,0.742,7
406,????-?????,545,0.923,7
727,???? ?????,978,1.034,8
772,??????,934,1.073,8
1157,?????,159,1.085,8
1149,???,837,1.093,8
320,??? ??????,1130,1.176,8
690,??? ????,795,1.262,8
2012,?????,498,1.27,8
827,???? ????,642,1.285,8
819,???????,763,1.316,8
553,??? ????,705,1.344,8
155,??? ?????,1030,1.344,8
593,??????,1124,1.395,8
234,??????,1221,1.584,8
163,???????,775,1.59,8
512,??? ???,2595,-1.08,2
475,???,636,-0.956,2
523,????,1766,-0.886,2
526,????,2467,-0.854,3
1265,???????,623,-0.811,3
397,?????,786,-0.279,4
2060,????,439,0.541,7
2061,????,534,0.615,7
1198,?????,391,0.617,7
396,?????,825,0.621,7
394,????,640,0.645,7
2023,???,469,0.76,7
2062,?????,411,0.906,7
395,???? ????,868,1.011,8
849,?????,797,1.036,8
1344,????? ??,815,1.326,8
598,??? ???,1286,1.48,8
144,?? ????,518,0.853,7
147,???? ????,2603,1.214,8
562,??? ??????,1494,1.218,8
615,?????,1560,1.57,8
685,????,792,1.682,9
196,??????,327,1.696,9
1072,?? ?????,563,1.258,8
555,????,604,1.377,8
765,???? ??,666,1.6,8
857,??? ????,804,1.65,9
731,????,804,1.739,9
591,????,970,1.771,9
764,??? ?????,655,1.853,9
4005,?????,1739,-0.791,3
4006,???,763,-0.633,3
4014,????,567,-0.567,3
4017,????? ????,368,-0.519,3
4304,???,858,-0.345,4
4019,????,211,-0.242,4
4007,?????,601,-0.127,5
4701,??? ???????,637,0.114,5
4011,???? ????,633,0.116,5
4013,?????,321,0.157,6
4024,???,224,0.234,6
4003,??-???,338,0.419,6
4015,??? ?????,1040,0.438,6
4004,??? ????,357,0.536,7
4503,??? ?????,280,0.55,7
4012,?????,503,0.589,7
4026,??-??,827,0.696,7
4101,???? ????,675,0.741,7
4204,???? ???,344,0.755,7
4002,???-??,350,0.814,7
4021,???? ????,662,0.832,7
4551,???? ????,534,0.833,7
4022,????,264,0.908,7
4301,????,277,0.931,7
4009,???,256,1.072,8
4028,???,419,1.112,8
4025,???? ???,359,1.208,8
4702,????,489,1.235,8
4303,"???? ???""?",124,1.376,8
4008,???? ????,441,1.545,8
3653,???? ????,384,-1.103,2
3794,?? ???,1226,-1.011,2
3754,????,583,-0.902,2
3488,??? ?????,1071,-0.736,3
3561,???? ???,439,-0.642,3
3766,???? ???,1036,-0.167,5
3563,????,3495,-0.031,5
3726,??????,1937,0.065,5
3602,??? ?????,915,0.19,6
3604,???? ????,3201,0.205,6
3618,?????,2577,0.342,6
3725,???? ?????,2275,0.515,7
3781,???,1490,0.549,7
3603,?? ????,1505,0.864,7
856,??????,1764,-0.736,3
711,?????,1193,0.396,6
759,????,770,0.431,6
838,????,806,0.519,7
158,???,1532,0.59,7
370,???,273,0.645,7
839,?????,890,0.669,7
757,?????,1302,0.722,7
64,"?? ???""?",1044,0.723,7
828,????,922,0.903,7
301,??? ??????,599,0.952,7
1333,??? ??????,2129,0.99,8
435,??? ????,718,1.065,8
862,??? ?????,618,1.129,8
1050,??? ???????,2171,1.444,8
670,???? ??????,514,1.533,8
735,???? ????,770,1.536,8
743,??? ?????,864,1.662,9
610,??????,1022,1.665,9
2010,??? ?? ???,647,1.685,9
160,?????,913,1.752,9
177,"??? ???""?",1254,1.793,9
563,???? ???,700,1.874,9
1103,??? ???,278,1.951,9
1264,???? ????,1674,2.306,9
156,??????,340,-1.624,1
597,??????,604,1.245,8
159,??? ???,573,1.443,8
311,?? ????,677,1.476,8
853,?????,992,1.506,8
582,??? ?????,1223,1.706,9
174,?????,593,1.856,9
202,??? ????,309,1.914,9
1336,?????,211,2.269,9
718,?????,956,0.555,7
841,??????,1212,0.597,7
184,??? ?????,1049,0.624,7
686,???? ????,1162,0.812,7
705,???????,332,0.826,7
716,????,482,0.955,7
808,??? ?????,505,0.961,7
355,??????,311,1.057,8
870,???? ??????,783,1.162,8
871,????,786,1.282,8
1148,??? ???,296,1.344,8
128,?? ?????,300,1.39,8
717,????,1135,1.424,8
2015,??? ???,1021,1.471,8
249,??? ??????,1333,1.473,8
1345,??? ????,4246,1.482,8
1315,???,3613,1.501,8
230,???,838,1.591,8
98,"??? ??""?",328,1.666,9
858,???? ???,1353,1.684,9
206,???? ?????,1651,1.689,9
284,??? ??????,1483,1.746,9
218,??? ??,240,1.756,9
207,"???? ?""?",362,1.759,9
198,?????,1302,1.805,9
2035,?????,479,1.815,9
239,?? ????,816,1.828,9
722,???????,1064,1.829,9
183,??????,399,1.995,9
1236,?????,1169,2.213,9
547,???? (??????),1513,-1.201,2
635,????????,3719,-1.052,2
497,????? (????),1751,-1.036,2
524,??????,2131,-0.892,2
86,???,625,-0.616,3
95,??? ????,853,-0.552,3
636,?????,1572,-0.5,3
452,??????,566,-0.368,4
89,??? ???? (?????),529,-0.349,4
145,????,399,-0.251,4
113,??????,267,0.011,5
1110,???,429,0.234,6
82,??? ???? (?????),735,0.249,6
1155,??? ????,614,0.253,6
2052,?????,499,0.319,6
164,????,390,0.333,6
84,?? ????,533,0.399,6
90,????-??,519,0.403,6
1108,????,327,0.436,6
2053,?????,320,0.526,7
442,??????,411,0.528,7
2054,????,461,0.622,7
165,??? ???,678,0.635,7
141,???,422,0.661,7
242,??? ?????,1202,0.755,7
269,?????,979,0.88,7
1274,?? ??,2643,0.882,7
146,?????,227,0.928,7
1069,??-???,996,1.108,8
339,??? ???,592,1.341,8
85,??? ??????,1051,1.365,8
667,????,579,-0.667,3
77,????? ????,1456,-0.302,4
578,????,398,-0.176,5
623,?????,386,0.031,5
76,??? ?????,644,0.134,5
35,????,406,0.345,6
596,??????,442,0.373,6
443,??? ?????,824,0.407,6
347,????,224,0.435,6
408,???? ?????,534,0.449,6
308,??????,678,0.504,7
345,??? ????,589,0.533,7
378,???? ??,316,0.552,7
852,????,329,0.589,7
253,?????,575,0.589,7
366,????,889,0.602,7
302,????,896,0.629,7
319,????,524,0.655,7
357,??? ????,666,0.663,7
303,??,650,0.674,7
380,????? ????,854,0.676,7
453,????,505,0.754,7
385,?????,421,0.767,7
416,????? ????,735,0.781,7
356,???????,707,0.832,7
329,??? ?????,1097,0.837,7
1211,?????,189,1.011,8
1132,????,544,1.196,8
1322,??????,293,-2.297,1
585,????,640,-1.109,2
307,???????,915,-0.381,4
786,??? ?????,758,-0.188,5
1162,??? ?????,623,0.159,6
365,??? ???,591,0.268,6
49,???????,484,0.558,7
721,??? ????,541,0.691,7
701,????,673,0.95,7
255,??? ?????,666,0.999,8
1190,???? ?????,851,1.033,8
306,????? ?????,656,1.078,8
292,?????,581,1.092,8
388,??? ???,520,1.119,8
1293,???? ????,2082,1.163,8
1258,???,354,1.293,8
58,????,144,1.325,8
1262,?????,289,0.526,7
1176,????,374,0.567,7
806,??? ???,665,0.66,7
13,????,566,0.676,7
1175,????,360,0.936,7
1151,????,435,1.217,8
1150,????,394,1.275,8
3723,??? ???,432,-1.077,2
3724,??????,288,-0.49,3
3748,??????,909,-0.457,3
3657,????,502,-0.413,4
3756,?????,1041,-0.41,4
3719,???,336,-0.4,4
3764,???,535,-0.234,4
3745,????? ?????,467,-0.031,5
3656,????,407,0.013,5
3784,????,538,0.016,5
3759,?????,404,0.091,5
3743,???,756,0.356,6
3777,?????,334,0.458,6
3722,???????,494,0.717,7
890,??? ????? ????,258,-2.403,1
990,??? ???,560,-1.921,1
1321,?'????,458,-1.378,2
652,?????,2689,-1.359,2
882,??????,177,-0.632,3
178,??? ?????,929,-0.362,4
96,????,1508,-0.358,4
237,??? ??????,644,0.334,6
889,??? ?????? ?',256,0.53,7
254,??? ?????,371,0.721,7
112,??? ?????? ?',562,0.785,7
278,????,462,0.873,7
220,??? ??????,565,1.327,8
1284,?????,2726,2.132,9
1197,???? ????,210,-0.93,2
1156,???,274,-0.801,3
1248,?????,129,-0.732,3
866,?????,657,-0.58,3
1255,????,181,-0.304,4
1052,?????,485,-0.256,4
1279,**???? ????,110,-0.078,5
1126,?????,322,0.412,6
1266,?????,130,0.48,6
1129,??????,262,0.583,7
21,??? ????,617,0.84,7
1158,???,182,0.998,8
848,??? ???,1057,-1.071,2
334,????? ????,935,-1.01,2
1094,??? ???? (?????),541,-0.813,3
720,??? ????,1395,0.136,5
760,?? ????,1083,0.137,5
592,??? ????,671,0.507,7
571,??? ??????,953,0.985,8
1084,?? ??? (??? ????),625,-1.621,1
2038,????,1867,-0.587,3
450,????? ????,415,-0.499,3
1141,???? ???????,265,-0.372,4
804,??????,1349,0.103,5
449,?????,1690,0.188,6
604,??? ????,1112,0.384,6
618,????,866,0.506,7
257,????,544,0.552,7
663,???? ?????,1183,0.553,7
745,????,1165,0.666,7
802,"???? ?""?",859,0.684,7
784,??? ?????,887,1.288,8
616,??????,1134,1.307,8
863,??????,884,1.341,8
1310,????,2551,1.583,8
1165,????,679,1.618,8
673,??? ?????,882,1.669,9
448,??? ?????,995,1.719,9
2013,?? ??? (????),855,1.742,9
606,????,1300,1.753,9
1166,??? ???,208,1.809,9
707,??? ?????,726,1.844,9
107,??? ?????,227,-1.108,2
820,???,449,-0.288,4
746,?????,1199,-0.228,4
351,????,1853,-0.026,5
1419,???? ?',1349,0.095,5
747,??? ????,827,0.144,5
726,??????,488,0.246,6
791,????,1005,0.327,6
1376,??? ????,368,0.363,6
359,??????,341,0.685,7
573,???????,395,0.74,7
342,?????,372,0.793,7
768,??????,590,0.909,7
1323,?? ???,704,0.936,7
358,?? ?????,656,0.949,7
584,?????,625,1.041,8
744,???? ???,805,1.08,8
824,???? ?????,992,1.304,8
1242,???? ?????,805,1.477,8
706,????,929,1.489,8
699,??? ?????,853,1.531,8
212,??? ???,201,-2.903,1
102,???? ????,317,-1.637,1
1320,??? ???,273,-0.917,2
427,??? ????,294,-0.897,2
694,???? ?????,1878,-0.853,3
769,??? ?????,899,-0.697,3
327,???? ??,931,-0.025,5
612,?????,1093,0.815,7
312,???? ??,252,0.829,7
810,????,639,0.855,7
317,??? ????,452,0.975,8
53,?????,6814,0.983,8
433,???????,642,1.081,8
74,??? ???,590,1.113,8
290,????? ???,671,1.137,8
33,?? ????,608,1.207,8
426,??? ????,894,1.257,8
434,???????,720,1.294,8
689,?????,1277,1.315,8
683,??? ????,1166,1.4,8
738,???,398,1.433,8
800,??? ?????,901,1.608,8
687,??? ?????,1127,1.687,9
580,"??? ???""?",706,1.765,9
675,??????,345,1.792,9
1167,??????,4853,2.09,9
287,?? ????,950,-0.208,4
842,???,682,0.329,6
232,?????,1208,0.781,7
1024,??????,876,1.026,8
417,????,703,1.026,8
346,???? ??,453,1.137,8
446,?????,1306,1.627,9
288,??? ?????,1062,1.683,9
247,?????,1402,1.813,9
316,??? ???,1157,1.941,9
418,??? ????,1392,2.002,9
389,????,1118,2.064,9
1324,?????,154,2.645,10
1339,??-???,184,-1.393,2
2045,????,588,0.423,6
16,??? ???,580,0.733,7
1133,?????,264,0.788,7
340,?? (?????),685,0.841,7
619,??? ??????,436,0.885,7
393,?????,378,0.927,7
2046,?????,689,0.953,7
564,?????,653,1.011,8
315,????,881,1.015,8
293,??? ????,442,1.041,8
274,??? ????,1296,1.157,8
888,"??? ???""?",852,1.671,9
767,????,1206,-0.223,4
170,??? ????,665,0.03,5
837,??????,859,0.404,6
2002,??????,829,0.666,7
379,??????,896,0.846,7
661,??? ?????,1742,0.885,7
851,????? ???,1105,0.963,7
753,????,909,0.985,8
880,??? ????,1566,1.174,8
447,???????,1941,1.259,8
386,??? ????,1216,1.443,8
1044,???,291,1.465,8
276,??? ???,3114,1.602,8
549,???? ???,909,1.637,9
187,??? ??,1581,1.681,9
157,??? ???,1470,1.713,9
425,?????,1054,1.714,9
162,?????,1266,1.778,9
814,?????,896,-0.427,3
32,????,521,-0.402,4
36,??? ???,378,-0.387,4
1369,???,453,-0.18,5
1368,??? ?????,659,0.001,5
2030,?????,528,0.044,5
821,?????,517,0.091,5
23,?????,569,0.092,5
44,????,349,0.196,6
55,????,546,0.265,6
7,???,838,0.565,7
309,?????,1136,0.613,7
1365,?????,257,0.921,7
18,??? ???,736,1.023,8
11,"??? ?""?",503,1.109,8
1233,???,382,1.126,8
775,?? ???,604,1.294,8
24,????,712,1.783,9
730,??????,554,0.369,6
843,???????,393,0.501,6
2009,????,634,0.594,7
2063,?????,354,0.605,7
861,??? ??????,811,0.894,7
732,???? ?????,678,0.898,7
1253,?????,289,0.937,7
372,???? ?????,549,0.954,7
324,??? ????,644,1.014,8
1285,?????,564,1.186,8
322,??? ???,765,1.22,8
1252,??????,357,1.317,8
1210,???,358,1.452,8
130,???? ????,1216,-0.486,3
270,??? ?????,821,-0.423,3
369,???? (??? ????),463,-0.354,4
682,??????,857,0.044,5
250,?????,842,0.075,5
703,???? ???,469,0.159,6
300,?????,792,0.313,6
2029,???? ???,748,0.67,7
335,??? ?????,1011,1.015,8
367,??? ????,749,1.124,8
445,???? ????,1091,1.132,8
586,?????,847,1.251,8
241,????? (?????),1345,1.715,9
3786,????,128,0.136,5
3645,??? ?????,159,0.446,6
3639,??? ?????,239,0.508,7
3556,?????,207,0.577,7
3601,????,394,0.96,7
3610,???? ???,173,0.977,8
658,????' ????,2742,-0.916,2
1246,??????,1604,-0.854,3
376,?????,745,-0.215,4
1183,????,572,0.012,5
785,??????,822,0.026,5
289,??? ?????,1197,0.095,5
708,????,644,0.159,6
297,??? ?????,754,0.216,6
572,??? ????,511,0.31,6
313,???,562,0.517,7
280,?????,724,0.631,7
409,?????,587,0.687,7
576,????,991,0.77,7
432,????,436,0.807,7
595,????? ???????,532,0.909,7
463,?????,568,0.937,7
792,???? ??????,488,0.952,7
454,???,780,0.99,8
1143,?? ????,181,0.996,8
1256,????,465,1.058,8
589,???,250,1.077,8
294,?????,962,1.078,8
390,????,1038,1.133,8
579,??? ??? ?????,1271,1.151,8
559,????? ?????,961,1.174,8
574,??? ????,1542,1.184,8
575,?????,697,1.185,8
674,????,729,1.194,8
325,?????,1116,1.236,8
712,?? ???,745,1.328,8
1068,?????,175,1.523,8
282,??? ????,1011,1.594,8
3648,??????,698,-1.467,2
3779,???? ????,7313,-1.446,2
3767,??????,665,-1.165,2
3752,???? ?????,766,-1.003,2
3823,??? ???????,2347,-0.745,3
3576,???? ?????,2307,-0.615,3
3641,????,3379,-0.528,3
3765,???,4092,-0.525,3
3564,???? ????,1945,-0.483,3
3709,???? ?????,2517,-0.458,3
3658,????,894,-0.443,3
3788,?????,3704,-0.351,4
3763,??? ??????,5232,-0.305,4
3651,???? ????,1351,-0.076,5
3659,?????,1902,-0.071,5
3617,????,3189,-0.042,5
3747,????,1302,0.119,5
3573,?????,1278,0.32,6
3565,???????,598,0.526,7
3575,??? ?????,1228,0.609,7
3638,??? ??????,4145,0.622,7
3770,????????,2762,0.731,7
3787,????,1573,0.782,7
3715,?????,1286,0.846,7
3644,????? ?????,1151,1.007,8
3655,"???""?",1438,1.143,8
3796,??? ???????,2700,1.555,8
1056,"??? ???-??""? ?????",165,-1.903,1
2039,????? ????? (????),265,-1.543,2
521,??? ?????,3064,-1.181,2
514,??? ????,1079,-0.776,3
1134,?? ??????,131,-0.538,3
10,?????,474,-0.411,4
465,????,651,-0.356,4
751,??? ????,775,-0.223,4
127,??? ???,450,-0.155,5
805,????,738,-0.134,5
794,????,521,-0.034,5
1123,????,869,0.039,5
816,????,510,0.084,5
27,???? ????,376,0.107,5
776,?????,434,0.165,6
39,???,384,0.198,6
809,???,510,0.214,6
52,?????,653,0.23,6
1071,???? ?????,544,0.28,6
740,??????,1200,0.318,6
859,?????,429,0.368,6
796,?????,907,0.373,6
799,?????,1039,0.4,6
864,????,665,0.42,6
59,?????,1240,0.439,6
778,????,802,0.447,6
823,?? ?????,641,0.572,7
752,????,609,0.59,7
567,????,906,0.619,7
822,???,897,0.65,7
1079,???????,371,0.707,7
783,??? ????,740,0.707,7
780,????,1301,0.712,7
1070,??????,847,0.754,7
693,"???? ??""?",596,0.791,7
825,?? ????,1286,0.809,7
78,????? ?????,466,0.951,7
771,???? ????,857,0.951,7
787,???? ?????,1386,0.979,8
464,????,247,0.993,8
777,?????,492,1.007,8
779,??????,1083,1.061,8
286,???? ??????,674,1.078,8
919,???? ??????,796,1.124,8
742,????? ????,1263,1.222,8
1113,??? ????,7392,1.233,8
1114,?????? (??-???),1011,1.252,8
364,??? ?????,927,1.256,8
672,??? ?????,633,1.336,8
456,????,1013,1.339,8
460,??? ?????,649,1.367,8
462,?? ???,1287,1.39,8
208,???? ?????,940,1.427,8
710,??? ???,1631,1.528,8
1043,????,188,1.581,8
405,???? ????,926,1.612,8
1254,???,378,1.618,8
1259,???? ????,265,1.752,9
741,?????,580,1.815,9
868,????? ????,294,-2.151,1
189,??? ????,994,-1.093,2
1316,??-?????,178,-0.705,3
649,?????,1880,-0.483,3
72,?? ?????,856,-0.377,4
2024,??? ??-?????,1037,-0.337,4
1370,???? ????,317,0.153,6
139,??? ???,520,0.209,6
648,???,394,0.487,6
310,??? ???????,273,0.764,7
444,?????,416,0.818,7
617,?????,525,0.848,7
344,?????,676,0.898,7
2055,????,1258,0.949,7
1243,????,2776,0.976,8
375,???,1057,1.094,8
2008,??? ????,586,1.119,8
223,??? ?????,551,1.124,8
2003,???? ?????,765,1.288,8
213,??????,796,1.352,8
225,?? ???????,803,1.528,8
1128,?? ???,331,1.564,8
715,????? ?????,852,1.596,8
281,?????? ????,404,0.225,6
1184,???,192,0.235,6
795,????,712,0.353,6
603,?????,318,0.565,7
892,?????,615,0.585,7
1045,?????,275,0.619,7
614,?????,341,0.692,7
1147,?????,277,0.723,7
1220,??????,194,0.734,7
662,????,997,0.754,7
813,??? ????,987,0.756,7
1173,??????,121,0.765,7
1219,?????? ?????,168,0.794,7
1130,??? ???????? (?????),249,0.796,7
755,????,441,0.838,7
1206,????,266,0.862,7
774,??????,312,0.907,7
1205,????,402,0.969,8
1081,??? ????,264,1.043,8
570,?????,968,1.077,8
1314,???? ???,857,1.288,8
1208,????,575,1.3,8
1294,??? ?????,454,-1.648,1
607,?????,898,-1.262,2
1338,?????,162,-1.146,2
1191,?? ?????,921,-0.685,3
546,??? ??-???,866,-0.561,3
688,????,679,-0.336,4
368,??????,822,-0.179,5
431,?????,869,-0.12,5
1214,?????,464,-0.091,5
605,??? ????,460,0.084,5
1115,??????,496,0.192,6
846,???,361,0.245,6
609,??? ????,714,0.305,6
540,????????,1201,0.312,6
1064,??????,789,0.427,6
1067,"???""?",478,0.56,7
1047,????,311,0.585,7
527,????,304,0.632,7
1230,?????,421,0.737,7
1229,?????,195,0.757,7
664,??? ?? ????,445,0.786,7
1297,??? ?????,669,0.793,7
599,????,455,1.086,8
1212,?????,125,1.883,9
709,????,2156,-1.846,1
2021,??? ?????,244,-1.687,1
2050,"???? ???""?",452,0.162,6
750,??????,471,0.173,6
2048,??? ?????,702,0.204,6
749,????,857,0.271,6
2059,"???? ??""?",504,0.312,6
762,????,721,0.37,6
736,????,1323,0.548,7
71,?????,490,0.551,7
2049,??? ???,588,0.558,7
789,???,608,0.656,7
1080,??????,1161,0.708,7
748,?????,778,0.782,7
414,?????,589,0.891,7
2047,??? ???,527,1.099,8
1335,??? ?? ????,733,-2.09,1
1317,??????,463,-1.669,1
1332,???????,651,-1.362,2
1245,????,3083,-1.286,2
1331,?????,1415,-1.056,2
1334,??? ??-???,351,-0.991,2
1203,?????,412,0.658,7
1178,?????,1424,0.735,7
1188,????,790,0.821,7
1171,????,694,0.869,7
1112,?????,710,0.897,7
1172,????,297,0.904,7
1163,????,427,1.01,8
1275,???????,381,1.036,8
1272,????,464,1.088,8
1202,??????,443,1.103,8
1201,????,1357,1.117,8
1209,?????,290,1.134,8
1180,????,310,1.248,8
1207,????,658,1.274,8
1235,??????,476,1.53,8
1181,??-??,1110,1.623,8
1222,"???? ???""?",978,1.624,9
1160,?????,740,1.635,9
1221,?????,763,1.762,9
1174,????,794,1.81,9
1228,????,905,1.848,9
1179,??????,868,1.906,9
917,????? ???,1069,1.919,9
1138,???,710,1.961,9
1226,??????,1081,1.966,9
1204,?????,1082,2.078,9
1348,??? ????',4583,-3.11,1
1347,??? ?-??,1406,-2.367,1
1342,??? ??????? (?????),1218,-2.221,1
440,??????,907,-1.788,1
2033,??? ?????,888,-1.415,2
577,?? ??????,3833,-0.217,4
1372,??? ????,377,0.18,6
588,??? ???,1353,0.346,6
363,??? ????,503,0.461,6
1371,??? ??,645,0.506,7
264,??? ?????,558,-0.167,5
273,??? ??,631,-0.135,5
57,???? (?????),671,-0.034,5
188,????? ???? (?????),496,0.065,5
143,??? ???,547,0.166,6
374,?????,539,0.184,6
176,??????,1460,0.186,6
1105,?????? - ???? ????,1114,0.204,6
262,??????,562,0.24,6
702,????,184,0.28,6
678,????,353,0.331,6
199,????? ???? (?????),922,0.41,6
62,????? ?',530,0.443,6
719,?? ????,343,0.469,6
79,????? ?',643,0.502,7
263,????,345,0.544,7
1104,?????? - ??? ?????,371,0.608,7
1313,?????? ?????,909,0.867,7
330,??????,321,0.934,7
63,???? (?????),627,1.24,8
1125,??????,349,1.468,8
304,??? ?????,686,-1.038,2
383,"??? ????""?",609,-0.475,3
1282,????,670,-0.361,4
2016,?????,375,-0.244,4
268,???? ???,752,-0.231,4
439,??????,473,0.028,5
298,??????,425,0.038,5
265,??? ????,433,0.098,5
296,???? ????,324,0.154,6
1127,???? ?????,671,0.161,6
854,????,356,0.163,6
2026,?????,344,0.224,6
1283,?? ??????,513,0.405,6
48,??????,999,0.482,6
305,???,416,0.5,6
2057,??? ??????,433,0.505,7
256,??? ??? (?? ???),653,0.579,7
295,??? ?????,404,0.595,7
590,???? ???,330,0.689,7
343,?????,396,0.707,7
437,?????,734,0.757,7
259,??? ????,569,0.77,7
272,???? ????,461,0.81,7
1318,?????? ??,481,-1.869,1
186,??????,248,-1.155,2
897,????? ?????,480,-0.391,4
252,???? ????,361,-0.103,5
197,??????,962,0.119,5
217,"??? ???""?",1390,0.312,6
224,????? ??????,518,0.444,6
872,????? ????,369,0.466,6
204,??????,728,0.543,7
173,???? ???? (?????),978,0.586,7
167,??? ?????,744,0.599,7
422,??? ???,850,0.62,7
194,???? ?????,552,0.7,7
850,??????,1062,0.788,7
235,????? ?????,553,0.793,7
2018,???? ???? (?????),1057,0.873,7
1319,?? ???,5448,1.129,8
2043,???,931,1.138,8
377,??????,796,1.142,8
698,??????,1128,1.18,8
423,?????,844,1.187,8
680,????,782,1.246,8
758,?? ???,800,1.32,8
205,????,831,1.365,8
1361,?? ??,422,1.385,8
697,????????,1116,1.395,8
737,????,1067,1.414,8
233,??? ??????,754,1.496,8
807,?????,931,1.531,8
219,???? ????,657,1.581,8
175,??????,1395,1.581,8
193,??? ????,600,1.587,8
382,??????,1334,1.596,8
373,??? ????,813,1.602,8
1102,???? ??,270,1.657,9
387,??? ????,949,1.659,9
191,??? ??,599,1.686,9
734,?? ?????,976,1.701,9
326,??? ????-??? ???,2105,1.706,9
200,??? ????,419,1.75,9
877,??? ?????,881,1.756,9
115,?????,739,1.77,9
190,??? ??????,2017,1.781,9
1077,???? ?????,398,1.878,9
942,????? (??????),159,-1.884,1
994,????? ????,1212,-0.916,2
106,??? ?????,332,-0.538,3
142,??? ????,1133,0.207,6
457,????,650,0.356,6
436,??? ???,972,0.401,6
1249,?????,921,0.475,6
407,????,329,0.512,7
285,??????,470,0.587,7
126,????,811,0.62,7
80,????,962,0.639,7
66,?????? (?????),1136,0.702,7
104,????,608,0.716,7
92,??????,646,0.784,7
134,????,1023,0.791,7
132,??? ????,518,0.898,7
135,??? ???,463,0.96,7
140,??? ?????,1107,1.012,8
1330,????? ???,2095,1.06,8
1186,??????,1929,1.199,8
103,?? ?????,1418,1.214,8
133,???,849,1.254,8
1257,?????,794,1.284,8
94,???????,435,1.293,8
192,??? ?????,607,1.308,8
97,?????? (????),664,1.363,8
684,?????,632,1.379,8
613,??????,832,1.437,8
248,??? ?????,747,1.442,8
677,???????,907,1.55,8
1337,?????,2594,1.645,9
1182,???? ?????,1003,1.69,9
430,??? ??? ???????,777,1.691,9
1199,???,1860,1.884,9
429,????? ???,1000,1.906,9
1288,???? ???,1911,2.166,9
1244,????,1332,2.229,9
696,"??? ??""?",5968,-0.522,3
797,??????,1647,-0.394,4
798,???,901,0.285,6
594,??????,924,0.293,6
788,????,1045,0.309,6
801,???,1131,0.439,6
729,???? ?????,987,1.605,8
836,????,623,1.644,9
331,??? ???,1275,1.672,9
3785,??????,206,-1.148,2
3782,????,168,-1.022,2
3607,"???""?",279,-0.888,2
3646,????,233,-0.546,3
3606,????,171,-0.402,4
3613,?????,376,-0.068,5
3578,????? ?????,553,0.193,6
3566,????,149,0.211,6
3599,?????,471,0.292,6
3609,????,127,0.756,7
3614,?????,141,0.774,7
3619,????,162,0.904,7
3598,?????,133,1.022,8
3612,?????,182,1.359,8
3605,?????,148,1.393,8
3615,????,250,1.519,8
3555,???? ?????,181,1.543,8
3558,????,247,1.689,9
354,??????,1035,-0.54,3
1340,???? ??,333,-0.409,4
885,??? ????,440,-0.282,4
1278,??? ?????,150,-0.236,4
421,????? ???,441,-0.095,5
1260,?????,415,0.298,6
1152,?????,449,0.74,7
1140,????? ?? ??????,1787,0.84,7
1291,?????,159,0.852,7
1280,????? ????,259,0.912,7
1177,?????,399,0.924,7
1083,??????,1014,-0.591,3
803,???????,524,-0.539,3
1146,??????,470,-0.416,4
415,?????,405,-0.089,5
419,???,760,-0.056,5
2044,??????,276,-0.055,5
2064,?????,352,-0.038,5
761,????,570,0.008,5
1065,????,458,0.115,5
2014,???????,326,0.179,6
1082,??????,1969,0.188,6
865,???????,308,0.215,6
398,?????,293,0.247,6
723,??? ????,729,0.258,6
1095,??? ?????,296,0.547,7
665,?????,649,1.17,8
3762,?????,1305,-1.355,2
3749,????,1380,-1.211,2
3710,????,2267,-0.967,2
3579,???? ????,1794,-0.59,3
3572,??? ????,970,-0.555,3
3571,??? ??????,879,-0.223,4
3793,???? ???,1709,-0.209,4
3569,???? ????,364,-0.156,5
3717,????,219,-0.055,5
3751,??????,269,-0.017,5
3744,??????,719,-0.009,5
3795,????,1974,0.012,5
3712,???,711,0.07,5
3822,?????,583,0.101,5
3643,??????,1089,0.132,5
3746,????? ?????,865,0.142,5
3790,?????,638,0.311,6
3647,????,1863,0.316,6
3768,?????,1622,0.343,6
3727,??? ???,1300,0.348,6
3637,???? ??????,1015,0.489,6
3778,?? ?????,1822,0.539,7
3568,????,213,0.556,7
3791,?????,1976,0.65,7
3649,???,851,0.742,7
3654,????,1741,0.966,8
3720,???? ?????,5638,0.966,8
3567,?????,693,1.675,9
338,?????,277,-2.401,1
811,?????,665,0.327,6
336,?????,756,0.733,7
714,???,487,0.799,7
844,??? ???,377,0.804,7
348,??? ??,491,0.868,7
362,?????,568,0.897,7
424,????,520,1.014,8
668,??????,971,1.027,8
67,??? ???,708,1.137,8
428,???? ???,880,1.151,8
845,??? ???,705,1.273,8
766,???????,534,-2.572,1
1145,?????,502,-1.004,2
37,????,432,-0.423,3
620,?????? ????,705,-0.401,4
400,??? ?????,1535,-0.39,4
818,?????,693,-0.347,4
15,????,358,-0.282,4
873,?????,430,-0.267,4
826,????,449,-0.199,4
815,??????,470,-0.16,5
2051,?????,525,-0.087,5
1098,???? ?????,2179,0.147,5
622,??? ?????,746,0.17,6
692,????,842,0.696,7
2042,??? ???,561,-0.093,5
1124,???? ?????,411,0.924,7
1251,??? ???,190,1.538,8
1054,?? ???,18671.15054,-2.311875527,1
1286,???-????,9119.109277,-2.271463674,1
1192,?????-????,15813.14104,-2.24515357,1
1303,????,19371.39141,-2.117710012,1
3797,??????? ?????,64179.40872,-2.098993451,1
1059,?????,19024.57685,-2.090107526,1
1060,????,11781.23121,-1.960902277,1
3780,???? ?????,49343.38772,-1.935948373,1
1161,???,62374.74242,-1.915178104,1
3660,??????,3253.398649,-1.606767462,2
541,?'?? ?-????,13961.63354,-1.485896163,2
1309,????,44872.12025,-1.435780866,2
922,?????,10681.79678,-1.414507042,2
510,??? ????,18509.19298,-1.372687387,2
2710,??? ??-???,52499.68835,-1.32656352,2
6100,??? ???,181832.3813,-1.307301636,2
511,?????,7582.276672,-1.268100997,2
998,??? ??-?????,8709.093164,-1.241231198,2
2610,??? ???,103629.6989,-1.214082441,2
522,???,12145.2378,-1.210425567,2
538,???,6624.751835,-1.197850604,2
1327,???? ?????,14139.67241,-1.193473924,2
483,????,7917.526469,-1.18848714,2
532,??? ????,12483.86592,-1.176576475,2
975,?????,7460.181828,-1.142446943,2
482,???????-???'????,9113.835253,-1.140720961,2
509,??? ???,21131.60909,-1.139423069,2
4001,???????,6328.767466,-1.132824516,2
1326,"???""?",8914.131332,-1.131609986,2
520,????,7858.240356,-1.095256601,2
8000,???,33330.06621,-1.078573898,2
1137,????? ?????,3935.609038,-1.075869357,2
627,?'??'????,9275.501317,-1.066235925,2
4502,??? ?????,1945.445284,-1.030108556,2
962,????-???????,6270.122895,-1.028846257,2
4203,?????,3519.690951,-1.022844496,2
8900,????,32048.19251,-1.003643584,2
1292,?'?????-???,20078.10459,-0.9992427,2
531,?????,24071.79537,-0.996662265,2
978,?????-????-??'??'??,4978.260336,-0.994819361,2
504,?????,13208.89553,-0.985379198,2
638,???????,21451.41016,-0.97384607,2
4501,?'?'?,2484.496868,-0.968880585,2
481,????,21650.26261,-0.967981678,2
537,????????,12389.2875,-0.937877411,2
3000,???????,863794.7408,-0.919311732,2
516,??'? ??-????,14574.21509,-0.913845344,2
944,???? ?????,7506.915856,-0.904192044,2
542,?????,18445.18941,-0.901928763,2
498,??????,13336.89526,-0.859709324,3
2730,?????,40841.62587,-0.848465918,3
46,?????,3955.677372,-0.844026872,3
913,???? - ??? ??-???,5694.458064,-0.831629689,3
499,????,18233.81182,-0.822546146,3
502,????,15871.5102,-0.821231278,3
1296,????-????,8176.755872,-0.821218943,3
490,???? ??-???,11715.73975,-0.812533891,3
4201,??'?? ???,10642.70187,-0.80032742,3
3611,????? ????,7108.316885,-0.796080653,3
492,???? ???,9830.766564,-0.789399156,3
634,??? ????,21847.98736,-0.786335592,3
478,?????,13645.67873,-0.779777357,3
8800,?????,39883.3709,-0.768148712,3
529,??????,12586.72909,-0.766890894,3
472,??? ???,6894.604873,-0.761582624,3
7500,??'???,29315.9548,-0.76113566,3
473,??? ????,13357.66996,-0.752621923,3
637,?????,23996.06579,-0.75163331,3
633,??? ???,3354.201311,-0.723951582,3
6000,???? ??-?????,28083.34618,-0.714852701,3
3574,??? ??,6046.060603,-0.705595366,3
31,??????,25613.70166,-0.697525001,3
246,??????,31234.44308,-0.693225652,3
489,???????,9888.748729,-0.61877674,3
1247,????,968.9495119,-0.602528091,3
505,????? ??? ??-???'?,3356.054234,-0.600548195,3
525,???'??,4013.734507,-0.597298986,3
480,??? ?'?,11425.85661,-0.596897894,3
7300,????,75703.35506,-0.591670602,3
99,???? ????,4996.67184,-0.583897765,3
1290,???,6485.958654,-0.574014173,3
1034,????? ?????,21450.62183,-0.54400523,3
1295,?????-?'?,6252.867332,-0.521224771,3
7000,???,72578.18627,-0.491231081,3
831,?????,9078.386134,-0.484832228,3
517,?????,3649.459974,-0.421560805,4
2034,???? ???????,8834.281375,-0.416238387,4
6700,?????,41813.50482,-0.415889119,4
7600,???,47427.4545,-0.389556949,4
2560,???,24312.67111,-0.389477206,4
2720,????,24776.48386,-0.385711781,4
496,??????,6076.759667,-0.385541647,4
485,?'???,6117.884213,-0.377887997,4
2630,????? ??,51248.40718,-0.357749415,4
654,??? ???,17639.66353,-0.314713815,4
543,????,7432.962729,-0.30514717,4
534,?????,11784.63687,-0.30039072,4
2200,??????,33021.11592,-0.299886887,4
8500,????,71206.51045,-0.278179356,4
494,????? ??-????,16778.42706,-0.26687107,4
874,???? ????,24864.8159,-0.251905203,4
628,?'?,11164.03015,-0.233085051,4
9200,??? ???,17332.37026,-0.192659903,5
1031,?????,23074.7358,-0.164754543,5
507,??? ?????,9475.166619,-0.154398818,5
70,?????,219590.0179,-0.140288586,5
536,?????? (???????),5585.346875,-0.12678506,5
4100,?????,6913.322254,-0.107751984,5
2100,???? ????,19316.93198,-0.090432666,5
530,???????,5470.776747,-0.083226049,5
3608,???? ?????,1205.842315,-0.065437374,5
6200,?? ??,128639.4921,-0.062286737,5
7700,?????,44686.91034,-0.045678671,5
7100,??????,130088.3533,-0.037592117,5
9600,????? ??,39134.45384,-0.034707568,5
1020,??? ?????,17080.75214,-0.023585113,5
1061,???? ?????,40076.78713,0.003591311,5
2800,????? ?????,23055.38085,0.01586467,5
1063,?????-??????,21179.97011,0.022128668,5
65,????,1685.140455,0.023207352,5
3557,??????,4337.648202,0.028132796,5
3730,???? ???,16123.41626,0.03199561,5
9000,??? ???,201813.756,0.034026254,5
508,??? ???,3188.008531,0.098872934,5
1066,"??? ??""?",6919.177272,0.107092238,5
2400,??? ?????,36067.58968,0.171429307,6
469,????? ?????,10717.88943,0.182028851,6
535,?????,3025.501398,0.188630299,6
7400,?????,206793.0213,0.198508152,6
3640,???? ??????,6905.359002,0.20432104,6
812,?????,6099.226683,0.213845361,6
6800,????? ???,55242.1474,0.2281717,6
6500,????,88256.76057,0.264642401,6
1139,??????,44755.86322,0.268156221,6
2600,????,49707.44811,0.277103725,6
3616,???? ??????,37423.93382,0.34209221,6
487,?'? (??? ???),3077.898935,0.366375405,6
41,??????,3424.353505,0.378729216,6
3570,?????,18717.07298,0.385363594,6
9100,??????,54305.18756,0.393006248,6
3650,????,8301.162163,0.425035285,6
6600,?????,188636.734,0.501538214,7
9500,????? ??????,39017.76052,0.512673483,7
4000,????,277736.3418,0.528802824,7
2660,????,42313.72537,0.553888875,7
8200,????? ??????,40159.52489,0.56592555,7
518,??????,3094.663442,0.618383944,7
2640,??? ????,42575.22281,0.638130379,7
8400,??????,132509.4256,0.641215229,7
7900,??? ?????,229845.2813,0.655990049,7
565,????,12095.0658,0.660274494,7
466,??? ???,7098.968204,0.662105471,7
7800,???? ???-?????,37424.47095,0.693437092,7
2550,????,25820.78103,0.694964538,7
2500,???,23419.49277,0.711447534,7
2530,??? ????,18273.4145,0.734664739,7
166,?? ????,22294.05788,0.775308128,7
240,????? ?????,21382.88675,0.811682014,7
168,??? ????,21610.92786,0.814613493,7
26,??? ????,2908.349226,0.825405274,7
8300,????? ?????,243328.9865,0.846846045,7
3560,?????,3944.765181,0.863212653,7
3652,??? ????,4720.994576,0.904014559,7
9400,????,29145.40754,1.017470249,8
8600,??? ??,152112.1085,1.053429437,8
681,???? ?????,25298.3691,1.067018446,8
43,?????,1613.994595,1.081604861,8
1015,????? ????,24294.88846,1.100677952,8
29,???? ?????,1644.448845,1.148435771,8
3750,???? ????,7637.608391,1.165734649,8
6900,??? ???,96508.94936,1.175994917,8
9300,????? ????,22347.42896,1.186580822,8
5000,?? ????-???,431708.2146,1.207843071,8
195,?????-????,20408.43311,1.208135709,8
28,????? ????,12698.30009,1.250953325,8
2300,????? ?????,17607.01444,1.261625365,8
8700,?????,70285.32909,1.272839154,8
6400,???????,91620.99702,1.290979727,8
3760,??????,8495.015643,1.292936912,8
7200,?? ?????,46534.85582,1.308945285,8
1200,???????-?????-????,88747.90333,1.335687294,8
9800,???????-???? ???,14550.27136,1.339275887,8
229,??? ?????,16042.08715,1.357689597,8
47,??? ????,3796.219222,1.369692875,8
122,??? ???,7477.811499,1.397306412,8
154,?? ????,11940.77421,1.403461389,8
171,???????,5562.882268,1.453282096,8
6300,???????,57492.93143,1.455150287,8
9700,??? ?????,56266.53632,1.512136281,8
2620,????? ????,37714.01574,1.518669701,8
182,??? ?????,13125.22405,1.535258717,8
1268,????,7341.137116,1.552219614,8
1263,??? ?????,5445.708918,1.649145303,9
1304,????,20403.307,1.67386113,9
2650,??? ?????,44340.01066,1.724368466,9
3769,?? ???,3858.099351,1.767860151,9
1224,???? ????,9053.694702,1.863095844,9
666,????,7339.363176,1.934828006,9
1271,?????,6442.498144,2.005167521,9
267,??? ??????,1785.114878,2.521515887,10
587,?????,3704.545315,2.5899498,10
